{
  "iter": [
    0,
    1,
    2,
    3,
    4,
    5,
    6,
    7,
    8,
    9,
    10,
    11,
    12,
    13,
    14,
    15,
    16,
    17,
    18,
    19,
    20,
    21,
    22,
    23,
    24,
    25,
    26,
    27,
    28,
    29
  ],
  "I_TY": [
    0.3297269640372178,
    0.33827655043378463,
    0.34356703680980505,
    0.3507886129938539,
    0.3493800653837502,
    0.35228998810622997,
    0.35622896356751343,
    0.3600838651978762,
    0.36322833233301094,
    0.3648974633423707,
    0.3654245550064592,
    0.36889617676457687,
    0.3692216468005628,
    0.3746603875132977,
    0.3778222057219257,
    0.3776918974087188,
    0.38124254274378444,
    0.38252706826116567,
    0.38445040444383416,
    0.38645826066425004,
    0.37934277795891536,
    0.3828407493829312,
    0.3876203549080608,
    0.3874307563133052,
    0.3874600924795291,
    0.3904225594824723,
    0.386623925499873,
    0.3895056113304363,
    0.38447398948619943,
    0.38398247676662833
  ],
  "I_XY": [
    1.1388495992566043,
    1.062767684891118,
    0.9957629377580299,
    0.9404980313779028,
    0.8688995008227733,
    0.813512576502905,
    0.7664222579553842,
    0.7260388895557262,
    0.6873718951057382,
    0.6528708207995337,
    0.6237965459806808,
    0.6024043465022723,
    0.5816574966787117,
    0.5714020181068193,
    0.5606570826745066,
    0.5483058204143929,
    0.5420899080333776,
    0.5349894247541607,
    0.5307979410082097,
    0.5278479194408094,
    0.5125404106473626,
    0.5142973365727742,
    0.5189041096703018,
    0.5148662994942554,
    0.515443233892761,
    0.5195148378161591,
    0.511430875124754,
    0.5140005073132414,
    0.5044888879132811,
    0.5033881107536082
  ],
  "L_IB": [
    -0.8091226352193865,
    -0.7244911344573335,
    -0.6521959009482249,
    -0.5897094183840489,
    -0.5195194354390231,
    -0.461222588396675,
    -0.4101932943878708,
    -0.36595502435784993,
    -0.3241435627727272,
    -0.287973357457163,
    -0.2583719909742216,
    -0.2335081697376954,
    -0.2124358498781489,
    -0.19674163059352162,
    -0.18283487695258094,
    -0.17061392300567413,
    -0.1608473652895932,
    -0.152462356492995,
    -0.1463475365643755,
    -0.1413896587765594,
    -0.1331976326884472,
    -0.131456587189843,
    -0.13128375476224097,
    -0.12743554318095024,
    -0.12798314141323192,
    -0.12909227833368686,
    -0.12480694962488104,
    -0.12449489598280511,
    -0.12001489842708163,
    -0.1194056339869799
  ],
  "froA": [
    1.1789772018788525,
    1.1331226419842262,
    1.0912675230127211,
    1.0575863671317696,
    1.0114352156231339,
    0.975723071491845,
    0.9442311489160409,
    0.9177661599332317,
    0.8916769595732078,
    0.8682564941640664,
    0.847462824590958,
    0.8325981185208738,
    0.8174248529829404,
    0.8114026833968104,
    0.8036585696454949,
    0.7944803432840624,
    0.7908293286922966,
    0.7854815713982924,
    0.7824344092087191,
    0.7805811384933016,
    0.7683325919897975,
    0.7705813432906501,
    0.7749012712319395,
    0.7717361174865913,
    0.7731329356658061,
    0.7770566439365483,
    0.7706686349318242,
    0.7728609743408675,
    0.7650489086235184,
    0.7637644997650723
  ]
}